name,module_name,value,updated_at
syria,Persons awaiting registration,10939,2011-03-09
syria,Persons awaiting registration,80517,2011-02-26
syria,Persons awaiting registration,69265,2010-06-04
syria,Persons awaiting registration,69265,2010-06-03
syria,Persons awaiting registration,182935,2010-10-21
syria,Persons awaiting registration,65100,2010-06-15
syria,Persons awaiting registration,80844,2011-03-08
syria,Persons awaiting registration,40058,2010-07-16
syria,Persons awaiting registration,40058,2010-07-15
syria,Persons awaiting registration,65708,2010-06-11
syria,Persons awaiting registration,80911,2011-03-05
syria,Persons awaiting registration,180004,2010-10-29
syria,Persons awaiting registration,180004,2010-11-01
syria,Persons awaiting registration,36536,2010-07-21
syria,Persons awaiting registration,35365,2010-08-28
syria,Persons awaiting registration,35365,2010-08-30
syria,Persons awaiting registration,35365,2010-08-31
syria,Persons awaiting registration,180085,2010-11-17
syria,Persons awaiting registration,117334,2010-12-15
syria,Persons awaiting registration,117334,2010-12-09
syria,Persons awaiting registration,80913,2011-03-04
syria,Persons awaiting registration,80413,2011-02-23
syria,Persons awaiting registration,180584,2010-10-21
syria,Persons awaiting registration,180584,2010-10-27
syria,Persons awaiting registration,180584,2010-10-26
syria,Persons awaiting registration,177939,2010-11-08
syria,Persons awaiting registration,177939,2010-11-09
syria,Persons awaiting registration,177939,2010-11-04
syria,Persons awaiting registration,177939,2010-11-05
syria,Persons awaiting registration,32535,2010-09-15
syria,Persons awaiting registration,35360,2010-09-02
syria,Persons awaiting registration,35360,2010-09-06
syria,Persons awaiting registration,35360,2010-09-03
syria,Persons awaiting registration,35360,2010-09-09
syria,Persons awaiting registration,35360,2010-09-08
syria,Persons awaiting registration,35360,2010-09-01
syria,Persons awaiting registration,35360,2010-09-07
syria,Persons awaiting registration,184143,2010-10-20
syria,Persons awaiting registration,184143,2010-10-19
syria,Persons awaiting registration,80351,2011-02-18
syria,Persons awaiting registration,179373,2010-11-12
syria,Persons awaiting registration,40859,2010-07-13
syria,Persons awaiting registration,80540,2011-02-22
syria,Persons awaiting registration,178687,2010-11-12
syria,Persons awaiting registration,178687,2010-11-11
syria,Persons awaiting registration,30940,2010-09-17
syria,Persons awaiting registration,30940,2010-09-20
syria,Persons awaiting registration,80691,2011-03-03
syria,Persons awaiting registration,29782,2010-08-13
syria,Persons awaiting registration,29782,2010-08-16
syria,Persons awaiting registration,29782,2010-08-17
syria,Persons awaiting registration,28236,2010-09-23
syria,Persons awaiting registration,33455,2010-09-14
syria,Persons awaiting registration,33455,2010-09-10
syria,Persons awaiting registration,33455,2010-09-13
syria,Persons awaiting registration,55646,2010-06-30
syria,Persons awaiting registration,80795,2011-03-02
syria,Persons awaiting registration,178487,2010-10-12
syria,Persons awaiting registration,178487,2010-10-13
syria,Persons awaiting registration,178487,2010-10-08
syria,Persons awaiting registration,66714,2010-06-08
syria,Persons awaiting registration,70272,2010-06-02
syria,Persons awaiting registration,38383,2010-07-16
syria,Persons awaiting registration,28118,2010-08-10
syria,Persons awaiting registration,66226,2010-06-10
syria,Persons awaiting registration,70521,2010-06-01
syria,Persons awaiting registration,117010,2010-12-07
syria,Persons awaiting registration,28976,2010-09-22
syria,Persons awaiting registration,33342,2010-08-23
syria,Persons awaiting registration,33342,2010-08-24
syria,Persons awaiting registration,33342,2010-08-20
syria,Persons awaiting registration,55916,2010-06-27
syria,Persons awaiting registration,55916,2010-06-29
syria,Persons awaiting registration,58908,2010-06-17
syria,Persons awaiting registration,80215,2011-02-25
syria,Persons awaiting registration,29224,2010-08-04
syria,Persons awaiting registration,184772,2010-09-30
syria,Persons awaiting registration,184772,2010-10-01
syria,Persons awaiting registration,145085,2010-11-17
syria,Persons awaiting registration,183171,2010-10-15
syria,Persons awaiting registration,57960,2010-06-18
syria,Persons awaiting registration,57960,2010-06-18
syria,Persons awaiting registration,179383,2010-11-02
syria,Persons awaiting registration,56331,2010-06-23
syria,Persons awaiting registration,56331,2010-06-23
syria,Persons awaiting registration,145028,2010-11-30
syria,Persons awaiting registration,80528,2011-02-19
syria,Persons awaiting registration,56606,2010-06-22
syria,Persons awaiting registration,28672,2010-08-12
syria,Persons awaiting registration,28566,2010-08-11
syria,Persons awaiting registration,30130,2010-09-21
syria,Persons awaiting registration,81559,2011-02-09
syria,Persons awaiting registration,81624,2011-01-11
syria,Persons awaiting registration,45503,2010-07-06
syria,Persons awaiting registration,68088,2010-06-04
syria,Persons awaiting registration,34512,2010-08-24
syria,Persons awaiting registration,118411,2010-12-17
syria,Persons awaiting registration,187687,2010-10-13
syria,Persons awaiting registration,37247,2010-07-18
syria,Persons awaiting registration,30135,2010-07-29
syria,Persons awaiting registration,29623,2010-08-03
syria,Persons awaiting registration,29623,2010-07-30
syria,Persons awaiting registration,116624,2011-01-11
syria,Persons awaiting registration,117590,2010-12-30
syria,Persons awaiting registration,43600,2010-07-08
syria,Persons awaiting registration,34501,2010-08-26
syria,Persons awaiting registration,117307,2010-12-09
syria,Persons awaiting registration,186585,2010-09-29
syria,Persons awaiting registration,186585,2010-09-28
syria,Persons awaiting registration,56118,2010-06-25
syria,Persons awaiting registration,28780,2010-08-06
syria,Persons awaiting registration,28780,2010-08-09
syria,Persons awaiting registration,180028,2010-11-16
syria,Persons awaiting registration,117727,2010-12-23
syria,Persons awaiting registration,145185,2010-11-18
syria,Persons awaiting registration,145185,2010-11-22
syria,Persons awaiting registration,145185,2010-11-24
syria,Persons awaiting registration,27226,2010-09-24
syria,Persons awaiting registration,27226,2010-09-27
syria,Persons awaiting registration,117683,2010-12-22
syria,Persons awaiting registration,31066,2010-09-16
syria,Persons awaiting registration,182352,2010-10-01
syria,Persons awaiting registration,182352,2010-10-06
syria,Persons awaiting registration,35340,2010-07-22
syria,Persons awaiting registration,64135,2010-06-16
syria,Persons awaiting registration,182521,2010-10-01
syria,Persons awaiting registration,145788,2010-12-03
syria,Persons awaiting registration,145435,2010-12-01
syria,Persons awaiting registration,36997,2010-07-20
syria,Persons awaiting registration,42976,2010-07-09
syria,Persons awaiting registration,145225,2010-11-25
syria,Persons awaiting registration,49579,2010-06-30
syria,Persons awaiting registration,32822,2010-08-19
syria,Persons awaiting registration,179377,2010-11-16
syria,Persons awaiting registration,178534,2010-11-02
syria,Persons awaiting registration,34824,2010-08-27
syria,Persons awaiting registration,29237,2010-08-05
syria,Persons awaiting registration,40870,2010-07-14
syria,Persons awaiting registration,32314,2010-08-18
syria,Persons awaiting registration,56451,2010-06-20
syria,Persons awaiting registration,35948,2010-07-23
syria,Persons awaiting registration,66580,2010-06-09
syria,Registered Syrian Refugees,3901050,2011-03-10
syria,Registered Syrian Refugees,103474,2008-07-04
syria,Registered Syrian Refugees,777592,2009-03-02
syria,Registered Syrian Refugees,2089473,2009-10-20
syria,Registered Syrian Refugees,2787395,2010-06-09
syria,Registered Syrian Refugees,3218302,2010-12-23
syria,Registered Syrian Refugees,3218302,2010-12-27
syria,Registered Syrian Refugees,389020,2008-11-22
syria,Registered Syrian Refugees,1616693,2009-07-15
syria,Registered Syrian Refugees,206353,2008-09-03
syria,Registered Syrian Refugees,2867672,2010-07-08
syria,Registered Syrian Refugees,213671,2008-09-10
syria,Registered Syrian Refugees,557290,2009-01-17
syria,Registered Syrian Refugees,3754509,2011-03-09
syria,Registered Syrian Refugees,262423,2008-10-03
syria,Registered Syrian Refugees,1558395,2009-06-29
syria,Registered Syrian Refugees,3001535,2010-09-17
syria,Registered Syrian Refugees,153028,2008-08-13
syria,Registered Syrian Refugees,1499819,2009-06-18
syria,Registered Syrian Refugees,2966920,2010-09-02
syria,Registered Syrian Refugees,211932,2008-09-06
syria,Registered Syrian Refugees,1677517,2009-07-25
syria,Registered Syrian Refugees,3744970,2011-02-24
syria,Registered Syrian Refugees,2321837,2010-01-07
syria,Registered Syrian Refugees,2551671,2010-03-24
syria,Registered Syrian Refugees,3753332,2011-03-07
syria,Registered Syrian Refugees,1323904,2009-05-16
syria,Registered Syrian Refugees,530278,2009-01-12
syria,Registered Syrian Refugees,359273,2008-11-12
syria,Registered Syrian Refugees,2732327,2010-05-18
syria,Registered Syrian Refugees,193513,2008-08-29
syria,Registered Syrian Refugees,907425,2009-03-13
syria,Registered Syrian Refugees,834567,2009-03-08
syria,Registered Syrian Refugees,774581,2009-02-28
syria,Registered Syrian Refugees,2474297,2010-02-26
syria,Registered Syrian Refugees,277729,2008-10-14
syria,Registered Syrian Refugees,2077517,2009-10-13
syria,Registered Syrian Refugees,252758,2008-09-30
syria,Registered Syrian Refugees,478674,2008-12-21
syria,Registered Syrian Refugees,3750378,2011-03-07
syria,Registered Syrian Refugees,992167,2009-03-27
syria,Registered Syrian Refugees,2875299,2010-07-14
syria,Registered Syrian Refugees,1027123,2009-04-03
syria,Registered Syrian Refugees,2322264,2009-12-26
syria,Registered Syrian Refugees,2909322,2010-08-04
syria,Registered Syrian Refugees,3018614,2010-10-15
syria,Registered Syrian Refugees,3220862,2010-12-28
syria,Registered Syrian Refugees,56116,2008-04-26
syria,Registered Syrian Refugees,2173086,2009-11-11
syria,Registered Syrian Refugees,3718477,2011-01-12
syria,Registered Syrian Refugees,2269094,2009-12-08
syria,Registered Syrian Refugees,497965,2008-12-30
syria,Registered Syrian Refugees,1985111,2009-09-22
syria,Registered Syrian Refugees,3750190,2011-03-04
syria,Registered Syrian Refugees,3718460,2011-01-18
syria,Registered Syrian Refugees,3718404,2011-01-13
syria,Registered Syrian Refugees,3104149,2010-11-19
syria,Registered Syrian Refugees,2416113,2010-02-02
syria,Registered Syrian Refugees,290151,2008-10-18
syria,Registered Syrian Refugees,790820,2009-03-07
syria,Registered Syrian Refugees,1598259,2009-07-12
syria,Registered Syrian Refugees,1714485,2009-08-05
syria,Registered Syrian Refugees,2869807,2010-07-09
syria,Registered Syrian Refugees,3217906,2010-12-22
syria,Registered Syrian Refugees,1224903,2009-04-25
syria,Registered Syrian Refugees,3023116,2010-10-29
syria,Registered Syrian Refugees,2121535,2009-11-02
syria,Registered Syrian Refugees,2944728,2010-08-23
syria,Registered Syrian Refugees,2944750,2010-08-24
syria,Registered Syrian Refugees,1597562,2009-07-08
syria,Registered Syrian Refugees,46959,2008-04-23
syria,Registered Syrian Refugees,1679974,2009-07-27
syria,Registered Syrian Refugees,1683945,2009-07-28
syria,Registered Syrian Refugees,2216699,2009-11-25
syria,Registered Syrian Refugees,2577318,2010-03-30
syria,Registered Syrian Refugees,399149,2008-11-26
syria,Registered Syrian Refugees,106691,2008-07-09
syria,Registered Syrian Refugees,18704,2008-02-09
syria,Registered Syrian Refugees,697826,2009-02-11
syria,Registered Syrian Refugees,3749594,2011-03-04
syria,Registered Syrian Refugees,2325533,2010-01-08
syria,Registered Syrian Refugees,1981868,2009-09-21
syria,Registered Syrian Refugees,3741810,2011-02-18
syria,Registered Syrian Refugees,130780,2008-07-31
syria,Registered Syrian Refugees,111268,2008-07-13
syria,Registered Syrian Refugees,111268,2008-07-14
syria,Registered Syrian Refugees,986639,2009-03-26
syria,Registered Syrian Refugees,2760156,2010-05-26
syria,Registered Syrian Refugees,1552994,2009-06-26
syria,Registered Syrian Refugees,414407,2008-12-03
syria,Registered Syrian Refugees,1510354,2009-06-19
syria,Registered Syrian Refugees,2544736,2010-03-22
syria,Registered Syrian Refugees,3748708,2011-03-03
syria,Registered Syrian Refugees,2641162,2010-04-16
syria,Registered Syrian Refugees,585584,2009-01-24
syria,Registered Syrian Refugees,73630,2008-05-31
syria,Registered Syrian Refugees,2366732,2010-01-20
syria,Registered Syrian Refugees,64551,2008-05-15
syria,Registered Syrian Refugees,937253,2009-03-20
syria,Registered Syrian Refugees,3007635,2010-09-24
syria,Registered Syrian Refugees,12249,2008-01-18
syria,Registered Syrian Refugees,553814,2009-01-16
syria,Registered Syrian Refugees,3033972,2010-11-16
syria,Registered Syrian Refugees,1718857,2009-08-04
syria,Registered Syrian Refugees,2319063,2010-01-06
syria,Registered Syrian Refugees,2086233,2009-10-18
syria,Registered Syrian Refugees,3747518,2011-03-01
syria,Registered Syrian Refugees,2600104,2010-04-05
syria,Registered Syrian Refugees,1778429,2009-08-23
syria,Registered Syrian Refugees,3024494,2010-10-21
syria,Registered Syrian Refugees,2771190,2010-06-04
syria,Registered Syrian Refugees,3103769,2010-12-01
syria,Registered Syrian Refugees,934280,2009-03-19
syria,Registered Syrian Refugees,518511,2009-01-05
syria,Registered Syrian Refugees,3003023,2010-09-21
syria,Registered Syrian Refugees,1064495,2009-04-05
syria,Registered Syrian Refugees,3026510,2010-11-02
syria,Registered Syrian Refugees,788417,2009-03-06
syria,Registered Syrian Refugees,2061018,2009-10-07
syria,Registered Syrian Refugees,238835,2008-09-24
syria,Registered Syrian Refugees,2614079,2010-04-11
syria,Registered Syrian Refugees,1374865,2009-05-25
syria,Registered Syrian Refugees,2647871,2010-04-12
syria,Registered Syrian Refugees,978982,2009-03-25
syria,Registered Syrian Refugees,2308438,2009-12-18
syria,Registered Syrian Refugees,2897161,2010-07-23
syria,Registered Syrian Refugees,703785,2009-02-12
syria,Registered Syrian Refugees,212882,2008-09-09
syria,Registered Syrian Refugees,1775992,2009-08-21
syria,Registered Syrian Refugees,3031746,2010-09-29
syria,Registered Syrian Refugees,3225248,2011-01-04
syria,Registered Syrian Refugees,2691072,2010-05-01
syria,Registered Syrian Refugees,1474184,2009-06-13
syria,Registered Syrian Refugees,3746998,2011-02-28
syria,Registered Syrian Refugees,3032619,2010-11-12
syria,Registered Syrian Refugees,1112599,2009-04-13
syria,Registered Syrian Refugees,46589,2008-04-22
syria,Registered Syrian Refugees,2965312,2010-08-30
syria,Registered Syrian Refugees,79360,2008-06-09
syria,Registered Syrian Refugees,2979354,2010-09-09
syria,Registered Syrian Refugees,1641470,2009-07-18
syria,Registered Syrian Refugees,835430,2009-03-09
syria,Registered Syrian Refugees,1561526,2009-06-30
syria,Registered Syrian Refugees,2315552,2009-12-23
syria,Registered Syrian Refugees,66667,2008-05-20
syria,Registered Syrian Refugees,3746537,2011-02-25
syria,Registered Syrian Refugees,1260228,2009-05-02
syria,Registered Syrian Refugees,122304,2008-07-19
syria,Registered Syrian Refugees,2939207,2010-08-18
syria,Registered Syrian Refugees,2030271,2009-10-01
syria,Registered Syrian Refugees,2377984,2010-01-22
syria,Registered Syrian Refugees,2611099,2010-04-09
syria,Registered Syrian Refugees,2967739,2010-09-06
syria,Registered Syrian Refugees,76445,2008-06-04
syria,Registered Syrian Refugees,650198,2009-02-03
syria,Registered Syrian Refugees,60167,2008-05-05
syria,Registered Syrian Refugees,322597,2008-11-05
syria,Registered Syrian Refugees,2320154,2009-12-25
syria,Registered Syrian Refugees,2650244,2010-04-13
syria,Registered Syrian Refugees,45011,2008-04-17
syria,Registered Syrian Refugees,235821,2008-09-22
syria,Registered Syrian Refugees,2447731,2010-02-09
syria,Registered Syrian Refugees,380895,2008-11-19
syria,Registered Syrian Refugees,299121,2008-10-23
syria,Registered Syrian Refugees,2176160,2009-11-12
syria,Registered Syrian Refugees,3718485,2011-01-17
syria,Registered Syrian Refugees,1593920,2009-07-07
syria,Registered Syrian Refugees,537001,2009-01-13
syria,Registered Syrian Refugees,904409,2009-03-12
syria,Registered Syrian Refugees,265360,2008-10-04
syria,Registered Syrian Refugees,1440662,2009-06-06
syria,Registered Syrian Refugees,327763,2008-11-07
syria,Registered Syrian Refugees,226414,2008-09-18
syria,Registered Syrian Refugees,431979,2008-12-06
syria,Registered Syrian Refugees,22131,2008-03-06
syria,Registered Syrian Refugees,3104216,2010-11-19
syria,Registered Syrian Refugees,19654,2008-02-13
syria,Registered Syrian Refugees,300720,2008-10-28
syria,Registered Syrian Refugees,2205419,2009-11-20
syria,Registered Syrian Refugees,270051,2008-10-08
syria,Registered Syrian Refugees,1257460,2009-05-01
syria,Registered Syrian Refugees,187956,2008-08-27
syria,Registered Syrian Refugees,1464755,2009-06-11
syria,Registered Syrian Refugees,2380063,2010-01-23
syria,Registered Syrian Refugees,2246131,2009-11-29
syria,Registered Syrian Refugees,3037116,2010-11-17
syria,Registered Syrian Refugees,2113414,2009-10-31
syria,Registered Syrian Refugees,524999,2009-01-07
syria,Registered Syrian Refugees,87269,2008-06-20
syria,Registered Syrian Refugees,3027174,2010-11-05
syria,Registered Syrian Refugees,1324471,2009-05-18
syria,Registered Syrian Refugees,2694465,2010-05-05
syria,Registered Syrian Refugees,290453,2008-10-20
syria,Registered Syrian Refugees,483915,2008-12-23
syria,Registered Syrian Refugees,1071822,2009-04-06
syria,Registered Syrian Refugees,779499,2009-03-03
syria,Registered Syrian Refugees,2646559,2010-04-21
syria,Registered Syrian Refugees,3225904,2011-01-11
syria,Registered Syrian Refugees,2725008,2010-05-16
syria,Registered Syrian Refugees,218087,2008-09-11
syria,Registered Syrian Refugees,2327737,2009-12-29
syria,Registered Syrian Refugees,2314211,2009-12-22
syria,Registered Syrian Refugees,3743943,2011-02-23
syria,Registered Syrian Refugees,784099,2009-03-04
syria,Registered Syrian Refugees,1409640,2009-06-02
syria,Registered Syrian Refugees,1555426,2009-06-27
syria,Registered Syrian Refugees,365585,2008-11-15
syria,Registered Syrian Refugees,2002456,2009-09-26
syria,Registered Syrian Refugees,1087308,2009-04-08
syria,Registered Syrian Refugees,126881,2008-07-28
syria,Registered Syrian Refugees,115014,2008-07-17
syria,Registered Syrian Refugees,115014,2008-07-18
syria,Registered Syrian Refugees,65445,2008-05-16
syria,Registered Syrian Refugees,2827058,2010-06-22
syria,Registered Syrian Refugees,3206525,2010-12-15
syria,Registered Syrian Refugees,2448919,2010-02-19
syria,Registered Syrian Refugees,111847,2008-07-15
syria,Registered Syrian Refugees,3743049,2011-02-22
syria,Registered Syrian Refugees,1579339,2009-07-03
syria,Registered Syrian Refugees,231575,2008-09-19
syria,Registered Syrian Refugees,2438687,2010-02-16
syria,Registered Syrian Refugees,269182,2008-10-07
syria,Registered Syrian Refugees,2354593,2010-01-18
syria,Registered Syrian Refugees,2905585,2010-08-03
syria,Registered Syrian Refugees,2964267,2010-08-27
syria,Registered Syrian Refugees,295606,2008-10-22
syria,Registered Syrian Refugees,25334,2008-03-21
syria,Registered Syrian Refugees,3742284,2011-02-21
syria,Registered Syrian Refugees,2863595,2010-07-08
syria,Registered Syrian Refugees,2196605,2009-11-18
syria,Registered Syrian Refugees,2522944,2010-03-14
syria,Registered Syrian Refugees,2965356,2010-08-31
syria,Registered Syrian Refugees,763533,2009-02-24
syria,Registered Syrian Refugees,411428,2008-12-02
syria,Registered Syrian Refugees,2461136,2010-02-22
syria,Registered Syrian Refugees,712132,2009-02-15
syria,Registered Syrian Refugees,2332688,2010-01-12
syria,Registered Syrian Refugees,625347,2009-01-29
syria,Registered Syrian Refugees,2443007,2010-02-17
syria,Registered Syrian Refugees,478399,2008-12-20
syria,Registered Syrian Refugees,251406,2008-09-29
syria,Registered Syrian Refugees,2708667,2010-05-10
syria,Registered Syrian Refugees,101912,2008-07-03
syria,Registered Syrian Refugees,2153072,2009-11-06
syria,Registered Syrian Refugees,2937016,2010-08-13
syria,Registered Syrian Refugees,2884130,2010-07-20
syria,Registered Syrian Refugees,2869814,2010-07-09
syria,Registered Syrian Refugees,550126,2009-01-15
syria,Registered Syrian Refugees,23317,2008-03-14
syria,Registered Syrian Refugees,3030451,2010-11-11
syria,Registered Syrian Refugees,1164512,2009-04-20
syria,Registered Syrian Refugees,618055,2009-01-28
syria,Registered Syrian Refugees,2825296,2010-06-21
syria,Registered Syrian Refugees,1157036,2009-04-19
syria,Registered Syrian Refugees,2944677,2010-08-20
syria,Registered Syrian Refugees,2256118,2009-12-03
syria,Registered Syrian Refugees,2643822,2010-04-20
syria,Registered Syrian Refugees,3205180,2010-12-09
syria,Registered Syrian Refugees,3025024,2010-11-02
syria,Registered Syrian Refugees,1495501,2009-06-17
syria,Registered Syrian Refugees,67539,2008-05-22
syria,Registered Syrian Refugees,3725572,2011-02-11
syria,Registered Syrian Refugees,3720191,2011-01-20
syria,Registered Syrian Refugees,3027229,2010-11-10
syria,Registered Syrian Refugees,2872299,2010-07-13
syria,Registered Syrian Refugees,2017839,2009-09-30
syria,Registered Syrian Refugees,2316667,2010-01-05
syria,Registered Syrian Refugees,3225258,2011-01-05
syria,Registered Syrian Refugees,475552,2008-12-19
syria,Registered Syrian Refugees,92358,2008-06-23
syria,Registered Syrian Refugees,8000,2007-12-15
syria,Registered Syrian Refugees,911784,2009-03-14
syria,Registered Syrian Refugees,1638915,2009-07-17
syria,Registered Syrian Refugees,2043805,2009-10-03
syria,Registered Syrian Refugees,3720063,2011-01-19
syria,Registered Syrian Refugees,2518356,2010-03-11
syria,Registered Syrian Refugees,2534613,2010-03-17
syria,Registered Syrian Refugees,570119,2009-01-20
syria,Registered Syrian Refugees,314180,2008-11-01
syria,Registered Syrian Refugees,241177,2008-09-25
syria,Registered Syrian Refugees,2556972,2010-03-26
syria,Registered Syrian Refugees,2188409,2009-11-16
syria,Registered Syrian Refugees,235539,2008-09-20
syria,Registered Syrian Refugees,1133087,2009-04-15
syria,Registered Syrian Refugees,277258,2008-10-11
syria,Registered Syrian Refugees,2079904,2009-10-15
syria,Registered Syrian Refugees,2306664,2009-12-17
syria,Registered Syrian Refugees,2465337,2010-02-24
syria,Registered Syrian Refugees,124421,2008-07-23
syria,Registered Syrian Refugees,2304870,2010-01-02
syria,Registered Syrian Refugees,3031718,2010-09-28
syria,Registered Syrian Refugees,3206384,2010-12-09
syria,Registered Syrian Refugees,2960808,2010-08-25
syria,Registered Syrian Refugees,2417736,2010-02-03
syria,Registered Syrian Refugees,3023223,2010-10-20
syria,Registered Syrian Refugees,133843,2008-08-06
syria,Registered Syrian Refugees,1779634,2009-08-24
syria,Registered Syrian Refugees,1961539,2009-09-17
syria,Registered Syrian Refugees,3224960,2011-01-06
syria,Registered Syrian Refugees,128081,2008-07-29
syria,Registered Syrian Refugees,2884374,2010-07-16
syria,Registered Syrian Refugees,2662432,2010-04-27
syria,Registered Syrian Refugees,544093,2009-01-14
syria,Registered Syrian Refugees,2723596,2010-05-14
syria,Registered Syrian Refugees,3718367,2011-01-14
syria,Registered Syrian Refugees,407070,2008-11-29
syria,Registered Syrian Refugees,55754,2008-04-25
syria,Registered Syrian Refugees,2792480,2010-06-11
syria,Registered Syrian Refugees,2158212,2009-11-05
syria,Registered Syrian Refugees,1708283,2009-08-03
syria,Registered Syrian Refugees,1528358,2009-06-24
syria,Registered Syrian Refugees,3204751,2010-12-07
syria,Registered Syrian Refugees,3205697,2010-12-09
syria,Registered Syrian Refugees,1874246,2009-09-05
syria,Registered Syrian Refugees,1889185,2009-09-13
syria,Registered Syrian Refugees,444808,2008-12-11
syria,Registered Syrian Refugees,2264623,2009-12-07
syria,Registered Syrian Refugees,2768031,2010-06-04
syria,Registered Syrian Refugees,2994868,2010-10-01
syria,Registered Syrian Refugees,2696844,2010-05-06
syria,Registered Syrian Refugees,2167774,2009-11-10
syria,Registered Syrian Refugees,1095022,2009-04-09
syria,Registered Syrian Refugees,21959,2008-02-29
syria,Registered Syrian Refugees,2348875,2010-01-17
syria,Registered Syrian Refugees,2537014,2010-03-18
syria,Registered Syrian Refugees,1820862,2009-08-27
syria,Registered Syrian Refugees,2178259,2009-11-07
syria,Registered Syrian Refugees,2041175,2009-10-02
syria,Registered Syrian Refugees,2807527,2010-06-16
syria,Registered Syrian Refugees,3102334,2010-11-30
syria,Registered Syrian Refugees,1490186,2009-06-16
syria,Registered Syrian Refugees,2301668,2009-12-30
syria,Registered Syrian Refugees,205027,2008-09-02
syria,Registered Syrian Refugees,490581,2008-12-26
syria,Registered Syrian Refugees,1014558,2009-04-01
syria,Registered Syrian Refugees,483939,2008-12-24
syria,Registered Syrian Refugees,2991511,2010-10-08
syria,Registered Syrian Refugees,99892,2008-07-02
syria,Registered Syrian Refugees,2863491,2010-07-07
syria,Registered Syrian Refugees,686181,2009-02-09
syria,Registered Syrian Refugees,1885818,2009-09-11
syria,Registered Syrian Refugees,972439,2009-03-24
syria,Registered Syrian Refugees,529308,2009-01-10
syria,Registered Syrian Refugees,2431147,2010-02-13
syria,Registered Syrian Refugees,2893110,2010-07-22
syria,Registered Syrian Refugees,407100,2008-11-30
syria,Registered Syrian Refugees,2966942,2010-09-03
syria,Registered Syrian Refugees,463236,2008-12-18
syria,Registered Syrian Refugees,3104629,2010-12-03
syria,Registered Syrian Refugees,60736,2008-05-07
syria,Registered Syrian Refugees,71749,2008-05-30
syria,Registered Syrian Refugees,3102314,2010-11-25
syria,Registered Syrian Refugees,509402,2009-01-03
syria,Registered Syrian Refugees,1754278,2009-08-18
syria,Registered Syrian Refugees,20437,2008-02-23
syria,Registered Syrian Refugees,306555,2008-10-31
syria,Registered Syrian Refugees,711447,2009-02-14
syria,Registered Syrian Refugees,2114725,2009-10-27
syria,Registered Syrian Refugees,1265066,2009-05-05
syria,Registered Syrian Refugees,1213869,2009-04-23
syria,Registered Syrian Refugees,1358806,2009-05-21
syria,Registered Syrian Refugees,246131,2008-09-26
syria,Registered Syrian Refugees,2831254,2010-06-25
syria,Registered Syrian Refugees,123246,2008-07-22
syria,Registered Syrian Refugees,130613,2008-08-01
syria,Registered Syrian Refugees,364047,2008-11-14
syria,Registered Syrian Refugees,1323866,2009-05-17
syria,Registered Syrian Refugees,2433755,2010-02-05
syria,Registered Syrian Refugees,2119120,2009-11-01
syria,Registered Syrian Refugees,385224,2008-11-20
syria,Registered Syrian Refugees,1705820,2009-07-31
syria,Registered Syrian Refugees,1778420,2009-08-22
syria,Registered Syrian Refugees,2934762,2010-08-12
syria,Registered Syrian Refugees,59841,2008-05-02
syria,Registered Syrian Refugees,2100034,2009-10-22
syria,Registered Syrian Refugees,529307,2009-01-11
syria,Registered Syrian Refugees,2792551,2010-06-11
syria,Registered Syrian Refugees,1416104,2009-06-03
syria,Registered Syrian Refugees,3026038,2010-10-21
syria,Registered Syrian Refugees,222165,2008-09-15
syria,Registered Syrian Refugees,1724584,2009-08-08
syria,Registered Syrian Refugees,677996,2009-02-08
syria,Registered Syrian Refugees,1767135,2009-08-20
syria,Registered Syrian Refugees,2764306,2010-06-01
syria,Registered Syrian Refugees,1840028,2009-08-31
syria,Registered Syrian Refugees,62133,2008-05-10
syria,Registered Syrian Refugees,2450156,2010-02-10
syria,Registered Syrian Refugees,1994779,2009-09-25
syria,Registered Syrian Refugees,2095450,2009-10-21
syria,Registered Syrian Refugees,314137,2008-11-03
syria,Registered Syrian Refugees,1993915,2009-09-23
syria,Registered Syrian Refugees,2989565,2010-09-14
syria,Registered Syrian Refugees,772377,2009-02-27
syria,Registered Syrian Refugees,2834976,2010-06-25
syria,Registered Syrian Refugees,583877,2009-01-22
syria,Registered Syrian Refugees,1370125,2009-05-22
syria,Registered Syrian Refugees,389562,2008-11-24
syria,Registered Syrian Refugees,632020,2009-01-31
syria,Registered Syrian Refugees,416984,2008-12-04
syria,Registered Syrian Refugees,220712,2008-09-13
syria,Registered Syrian Refugees,2737514,2010-05-19
syria,Registered Syrian Refugees,1932391,2009-09-16
syria,Registered Syrian Refugees,3006471,2010-09-23
syria,Registered Syrian Refugees,80878,2008-06-11
syria,Registered Syrian Refugees,2520267,2010-03-12
syria,Registered Syrian Refugees,2805396,2010-06-15
syria,Registered Syrian Refugees,1993882,2009-09-24
syria,Registered Syrian Refugees,2923305,2010-08-10
syria,Registered Syrian Refugees,994246,2009-03-30
syria,Registered Syrian Refugees,2112829,2009-10-30
syria,Registered Syrian Refugees,20043,2008-02-16
syria,Registered Syrian Refugees,2895347,2010-07-23
syria,Registered Syrian Refugees,1635861,2009-07-16
syria,Registered Syrian Refugees,208140,2008-09-04
syria,Registered Syrian Refugees,2975475,2010-09-07
syria,Registered Syrian Refugees,2636777,2010-04-14
syria,Registered Syrian Refugees,2070846,2009-10-09
syria,Registered Syrian Refugees,2760224,2010-05-27
syria,Registered Syrian Refugees,1512160,2009-06-20
syria,Registered Syrian Refugees,889019,2009-03-10
syria,Registered Syrian Refugees,1763747,2009-08-19
syria,Registered Syrian Refugees,1613864,2009-07-14
syria,Registered Syrian Refugees,770754,2009-02-26
syria,Registered Syrian Refugees,2373446,2010-01-21
syria,Registered Syrian Refugees,1726010,2009-08-10
syria,Registered Syrian Refugees,1235225,2009-04-28
syria,Registered Syrian Refugees,2890778,2010-07-20
syria,Registered Syrian Refugees,2965193,2010-08-28
syria,Registered Syrian Refugees,2299696,2009-12-16
syria,Registered Syrian Refugees,126657,2008-07-25
syria,Registered Syrian Refugees,2739258,2010-05-21
syria,Registered Syrian Refugees,2179837,2009-11-09
syria,Registered Syrian Refugees,225100,2008-09-17
syria,Registered Syrian Refugees,58670,2008-04-29
syria,Registered Syrian Refugees,2202071,2009-11-19
syria,Registered Syrian Refugees,2767354,2010-06-03
syria,Registered Syrian Refugees,2330256,2010-01-09
syria,Registered Syrian Refugees,2547889,2010-03-23
syria,Registered Syrian Refugees,1139210,2009-04-16
syria,Registered Syrian Refugees,1962989,2009-09-18
syria,Registered Syrian Refugees,3209884,2010-12-20
syria,Registered Syrian Refugees,437433,2008-12-09
syria,Registered Syrian Refugees,632252,2009-02-01
syria,Registered Syrian Refugees,1275693,2009-05-13
syria,Registered Syrian Refugees,237653,2008-09-23
syria,Registered Syrian Refugees,637688,2009-02-02
syria,Registered Syrian Refugees,106945,2008-07-10
syria,Registered Syrian Refugees,301867,2008-10-29
syria,Registered Syrian Refugees,3018794,2010-10-13
syria,Registered Syrian Refugees,3224132,2011-01-03
syria,Registered Syrian Refugees,2530929,2010-03-15
syria,Registered Syrian Refugees,2773436,2010-06-07
syria,Registered Syrian Refugees,2692700,2010-05-04
syria,Registered Syrian Refugees,2789300,2010-06-10
syria,Registered Syrian Refugees,2325350,2009-12-28
syria,Registered Syrian Refugees,2638509,2010-04-15
syria,Registered Syrian Refugees,2070850,2009-10-10
syria,Registered Syrian Refugees,2659650,2010-04-26
syria,Registered Syrian Refugees,69860,2008-05-28
syria,Registered Syrian Refugees,1733914,2009-08-12
syria,Registered Syrian Refugees,1232927,2009-05-09
syria,Registered Syrian Refugees,3223659,2010-12-30
syria,Registered Syrian Refugees,3030470,2010-11-12
syria,Registered Syrian Refugees,2002825,2009-09-28
syria,Registered Syrian Refugees,2815209,2010-06-17
syria,Registered Syrian Refugees,3034622,2010-11-16
syria,Registered Syrian Refugees,1728870,2009-08-11
syria,Registered Syrian Refugees,1437839,2009-06-05
syria,Registered Syrian Refugees,169949,2008-08-21
syria,Registered Syrian Refugees,2989563,2010-09-10
syria,Registered Syrian Refugees,250791,2008-09-27
syria,Registered Syrian Refugees,25830,2008-03-28
syria,Registered Syrian Refugees,2486221,2010-03-03
syria,Registered Syrian Refugees,430804,2008-12-05
syria,Registered Syrian Refugees,2739409,2010-05-20
syria,Registered Syrian Refugees,1738985,2009-08-13
syria,Registered Syrian Refugees,1723923,2009-08-07
syria,Registered Syrian Refugees,1476497,2009-06-15
syria,Registered Syrian Refugees,2316800,2009-12-24
syria,Registered Syrian Refugees,91998,2008-06-21
syria,Registered Syrian Refugees,1830557,2009-08-28
syria,Registered Syrian Refugees,2335685,2010-01-13
syria,Registered Syrian Refugees,3022958,2010-11-01
syria,Registered Syrian Refugees,1063919,2009-04-04
syria,Registered Syrian Refugees,2453278,2010-02-11
syria,Registered Syrian Refugees,1337317,2009-05-19
syria,Registered Syrian Refugees,1744155,2009-08-15
syria,Registered Syrian Refugees,2396806,2010-01-29
syria,Registered Syrian Refugees,1701365,2009-07-30
syria,Registered Syrian Refugees,2498312,2010-03-06
syria,Registered Syrian Refugees,2444928,2010-02-18
syria,Registered Syrian Refugees,254278,2008-10-01
syria,Registered Syrian Refugees,2996052,2010-10-01
syria,Registered Syrian Refugees,1928940,2009-09-15
syria,Registered Syrian Refugees,63354,2008-05-13
syria,Registered Syrian Refugees,2580070,2010-03-31
syria,Registered Syrian Refugees,1866429,2009-09-02
syria,Registered Syrian Refugees,520371,2009-01-06
syria,Registered Syrian Refugees,3102353,2010-11-24
syria,Registered Syrian Refugees,2995782,2010-09-15
syria,Registered Syrian Refugees,2604403,2010-04-06
syria,Registered Syrian Refugees,501651,2008-12-31
syria,Registered Syrian Refugees,24142,2008-03-15
syria,Registered Syrian Refugees,1313379,2009-05-14
syria,Registered Syrian Refugees,1671373,2009-07-23
syria,Registered Syrian Refugees,3220726,2010-12-29
syria,Registered Syrian Refugees,1351717,2009-05-20
syria,Registered Syrian Refugees,2575825,2010-03-29
syria,Registered Syrian Refugees,2897479,2010-07-26
syria,Registered Syrian Refugees,272634,2008-10-09
syria,Registered Syrian Refugees,1675695,2009-07-24
syria,Registered Syrian Refugees,1547643,2009-06-25
syria,Registered Syrian Refugees,2554371,2010-03-25
syria,Registered Syrian Refugees,2046232,2009-10-05
syria,Registered Syrian Refugees,2689042,2010-04-30
syria,Registered Syrian Refugees,2283182,2009-12-14
syria,Registered Syrian Refugees,630755,2009-01-30
syria,Registered Syrian Refugees,1869063,2009-09-03
syria,Registered Syrian Refugees,1521582,2009-06-23
syria,Registered Syrian Refugees,18676,2008-01-26
syria,Registered Syrian Refugees,2086967,2009-10-19
syria,Registered Syrian Refugees,2646151,2010-04-22
syria,Registered Syrian Refugees,993743,2009-03-28
syria,Registered Syrian Refugees,457653,2008-12-16
syria,Registered Syrian Refugees,2991592,2010-10-13
syria,Registered Syrian Refugees,1872067,2009-09-04
syria,Registered Syrian Refugees,3027173,2010-11-04
syria,Registered Syrian Refugees,130820,2008-08-02
syria,Registered Syrian Refugees,2753163,2010-05-24
syria,Registered Syrian Refugees,2398976,2010-01-30
syria,Registered Syrian Refugees,223258,2008-09-16
syria,Registered Syrian Refugees,2714677,2010-05-12
syria,Registered Syrian Refugees,3104459,2010-11-22
syria,Registered Syrian Refugees,3023743,2010-10-27
syria,Registered Syrian Refugees,948725,2009-03-22
syria,Registered Syrian Refugees,2875526,2010-07-16
syria,Registered Syrian Refugees,2426077,2010-02-04
syria,Registered Syrian Refugees,1108364,2009-04-11
syria,Registered Syrian Refugees,3000269,2010-09-17
syria,Registered Syrian Refugees,1707952,2009-08-01
syria,Registered Syrian Refugees,2905542,2010-08-02
syria,Registered Syrian Refugees,2117104,2009-10-28
syria,Registered Syrian Refugees,950757,2009-03-23
syria,Registered Syrian Refugees,676903,2009-02-07
syria,Registered Syrian Refugees,22101,2008-03-01
syria,Registered Syrian Refugees,2940575,2010-08-19
syria,Registered Syrian Refugees,2582765,2010-04-01
syria,Registered Syrian Refugees,159677,2008-08-16
syria,Registered Syrian Refugees,2905267,2010-07-30
syria,Registered Syrian Refugees,326025,2008-11-06
syria,Registered Syrian Refugees,1597452,2009-07-11
syria,Registered Syrian Refugees,371645,2008-11-17
syria,Registered Syrian Refugees,2109535,2009-10-26
syria,Registered Syrian Refugees,2470945,2010-02-25
syria,Registered Syrian Refugees,2275733,2009-12-10
syria,Registered Syrian Refugees,3214466,2010-12-22
syria,Registered Syrian Refugees,3214466,2010-12-20
syria,Registered Syrian Refugees,3015177,2010-10-01
syria,Registered Syrian Refugees,1423036,2009-05-30
syria,Registered Syrian Refugees,2540148,2010-03-19
syria,Registered Syrian Refugees,434299,2008-12-08
syria,Registered Syrian Refugees,494818,2008-12-28
syria,Registered Syrian Refugees,186735,2008-08-26
syria,Registered Syrian Refugees,379626,2008-11-18
syria,Registered Syrian Refugees,403490,2008-11-27
syria,Registered Syrian Refugees,2558091,2010-03-27
syria,Registered Syrian Refugees,158716,2008-08-15
syria,Registered Syrian Refugees,756157,2009-02-23
syria,Registered Syrian Refugees,2816731,2010-06-18
syria,Registered Syrian Refugees,442279,2008-12-10
syria,Registered Syrian Refugees,54978,2008-04-24
syria,Registered Syrian Refugees,66410,2008-05-19
syria,Registered Syrian Refugees,142658,2008-08-09
syria,Registered Syrian Refugees,129857,2008-07-30
syria,Registered Syrian Refugees,2643913,2010-04-19
syria,Registered Syrian Refugees,3015178,2010-09-30
syria,Registered Syrian Refugees,328682,2008-11-08
syria,Registered Syrian Refugees,3007687,2010-09-27
syria,Registered Syrian Refugees,612306,2009-01-27
syria,Registered Syrian Refugees,1661833,2009-07-21
syria,Registered Syrian Refugees,731754,2009-02-17
syria,Registered Syrian Refugees,2261500,2009-12-05
syria,Registered Syrian Refugees,2828635,2010-06-23
syria,Registered Syrian Refugees,1605576,2009-07-09
syria,Registered Syrian Refugees,2768041,2010-05-29
syria,Registered Syrian Refugees,577662,2009-01-21
syria,Registered Syrian Refugees,2053173,2009-10-06
syria,Registered Syrian Refugees,1516510,2009-06-22
syria,Registered Syrian Refugees,387675,2008-11-21
syria,Registered Syrian Refugees,1080456,2009-04-07
syria,Registered Syrian Refugees,1260921,2009-05-04
syria,Registered Syrian Refugees,82904,2008-06-13
syria,Registered Syrian Refugees,2495768,2010-03-05
syria,Registered Syrian Refugees,75444,2008-06-03
syria,Registered Syrian Refugees,1021993,2009-04-02
syria,Registered Syrian Refugees,2600675,2010-04-04
syria,Registered Syrian Refugees,409598,2008-12-01
syria,Registered Syrian Refugees,2816741,2010-06-18
syria,Registered Syrian Refugees,212456,2008-09-08
syria,Registered Syrian Refugees,199471,2008-08-30
syria,Registered Syrian Refugees,2846419,2010-07-01
syria,Registered Syrian Refugees,1275768,2009-05-12
syria,Registered Syrian Refugees,2383367,2010-01-25
syria,Registered Syrian Refugees,459948,2008-12-17
syria,Registered Syrian Refugees,181057,2008-08-24
syria,Registered Syrian Refugees,452826,2008-12-15
syria,Registered Syrian Refugees,1246504,2009-04-30
syria,Registered Syrian Refugees,1234689,2009-05-11
syria,Registered Syrian Refugees,1582495,2009-07-06
syria,Registered Syrian Refugees,2429299,2010-02-12
syria,Registered Syrian Refugees,1108136,2009-04-12
syria,Registered Syrian Refugees,283003,2008-10-16
syria,Registered Syrian Refugees,2702137,2010-05-09
syria,Registered Syrian Refugees,255582,2008-10-02
syria,Registered Syrian Refugees,1423807,2009-05-29
syria,Registered Syrian Refugees,1694277,2009-07-29
syria,Registered Syrian Refugees,1641860,2009-07-20
syria,Registered Syrian Refugees,1594804,2009-07-10
syria,Registered Syrian Refugees,2181948,2009-11-14
syria,Registered Syrian Refugees,1721209,2009-08-06
syria,Registered Syrian Refugees,1220847,2009-04-24
syria,Registered Syrian Refugees,60410,2008-05-06
syria,Registered Syrian Refugees,1124095,2009-04-14
syria,Registered Syrian Refugees,2464006,2010-02-23
syria,Registered Syrian Refugees,70206,2008-05-29
syria,Registered Syrian Refugees,2435767,2010-02-06
syria,Registered Syrian Refugees,2788863,2010-06-10
syria,Registered Syrian Refugees,2991593,2010-10-12
syria,Registered Syrian Refugees,2332239,2010-01-11
syria,Registered Syrian Refugees,2532253,2010-03-16
syria,Registered Syrian Refugees,2979315,2010-09-08
syria,Registered Syrian Refugees,922718,2009-03-16
syria,Registered Syrian Refugees,12386,2008-01-23
syria,Registered Syrian Refugees,2083652,2009-10-16
syria,Registered Syrian Refugees,1430995,2009-06-04
syria,Registered Syrian Refugees,2690478,2010-05-03
syria,Registered Syrian Refugees,2542240,2010-03-21
syria,Registered Syrian Refugees,2897950,2010-07-29
syria,Registered Syrian Refugees,2914962,2010-08-09
syria,Registered Syrian Refugees,1196882,2009-04-21
syria,Registered Syrian Refugees,110879,2008-07-11
syria,Registered Syrian Refugees,485922,2008-12-25
syria,Registered Syrian Refugees,2233205,2009-11-27
syria,Registered Syrian Refugees,2766369,2010-06-02
syria,Registered Syrian Refugees,448013,2008-12-12
syria,Registered Syrian Refugees,59350,2008-05-01
syria,Registered Syrian Refugees,45183,2008-04-19
syria,Registered Syrian Refugees,45183,2008-04-20
syria,Registered Syrian Refugees,79754,2008-06-10
syria,Registered Syrian Refugees,3106455,2010-12-06
syria,Registered Syrian Refugees,3023769,2010-10-27
syria,Registered Syrian Refugees,1813578,2009-08-26
syria,Registered Syrian Refugees,2764645,2010-05-28
syria,Registered Syrian Refugees,1456412,2009-06-10
syria,Registered Syrian Refugees,288258,2008-10-17
syria,Registered Syrian Refugees,69004,2008-05-26
syria,Registered Syrian Refugees,1228257,2009-05-08
syria,Registered Syrian Refugees,2937158,2010-08-17
syria,Registered Syrian Refugees,432790,2008-12-07
syria,Registered Syrian Refugees,2846821,2010-07-02
syria,Registered Syrian Refugees,190154,2008-08-28
syria,Registered Syrian Refugees,281418,2008-10-15
syria,Registered Syrian Refugees,181535,2008-08-25
syria,Registered Syrian Refugees,3024611,2010-10-26
syria,Registered Syrian Refugees,2875497,2010-07-15
syria,Registered Syrian Refugees,1403494,2009-05-26
syria,Registered Syrian Refugees,583866,2009-01-23
syria,Registered Syrian Refugees,2996278,2010-10-08
syria,Registered Syrian Refugees,726447,2009-02-16
syria,Registered Syrian Refugees,507962,2009-01-02
syria,Registered Syrian Refugees,2910931,2010-08-05
syria,Registered Syrian Refugees,2925208,2010-08-11
syria,Registered Syrian Refugees,2854211,2010-07-06
syria,Registered Syrian Refugees,1470603,2009-06-12
syria,Registered Syrian Refugees,292161,2008-10-21
syria,Registered Syrian Refugees,29599,2008-04-15
syria,Registered Syrian Refugees,585604,2009-01-25
syria,Registered Syrian Refugees,208665,2008-09-05
syria,Registered Syrian Refugees,2716800,2010-05-13
syria,Registered Syrian Refugees,756059,2009-02-21
syria,Registered Syrian Refugees,2246171,2009-12-01
syria,Registered Syrian Refugees,1569179,2009-07-01
syria,Registered Syrian Refugees,2842718,2010-06-30
syria,Registered Syrian Refugees,2412679,2010-02-01
syria,Registered Syrian Refugees,596813,2009-01-26
syria,Registered Syrian Refugees,1855939,2009-09-01
syria,Registered Syrian Refugees,2299705,2009-12-15
syria,Registered Syrian Refugees,3027317,2010-11-09
syria,Registered Syrian Refugees,92814,2008-06-24
syria,Registered Syrian Refugees,668411,2009-02-05
syria,Registered Syrian Refugees,3027291,2010-11-08
syria,Registered Syrian Refugees,2344470,2010-01-14
syria,Registered Syrian Refugees,69410,2008-05-27
syria,Registered Syrian Refugees,2965331,2010-09-01
syria,Registered Syrian Refugees,299818,2008-10-24
syria,Registered Syrian Refugees,138410,2008-08-08
syria,Registered Syrian Refugees,2179458,2009-11-13
syria,Registered Syrian Refugees,1741896,2009-08-17
syria,Registered Syrian Refugees,1456463,2009-06-09
syria,Registered Syrian Refugees,320225,2008-11-04
syria,Registered Syrian Refugees,2309788,2009-12-21
syria,Registered Syrian Refugees,2958367,2010-08-26
syria,Registered Syrian Refugees,68311,2008-05-23
syria,Registered Syrian Refugees,2121572,2009-11-03
syria,Registered Syrian Refugees,2364103,2010-01-19
syria,Registered Syrian Refugees,737866,2009-02-18
syria,Registered Syrian Refugees,506097,2009-01-01
syria,Registered Syrian Refugees,2071459,2009-10-12
syria,Registered Syrian Refugees,2609645,2010-04-08
syria,Registered Syrian Refugees,94497,2008-06-25
syria,Registered Syrian Refugees,9500,2008-01-14
syria,Registered Syrian Refugees,2911418,2010-08-06
syria,Registered Syrian Refugees,753780,2009-02-20
syria,Registered Syrian Refugees,61291,2008-05-08
syria,Registered Syrian Refugees,175573,2008-08-22
syria,Registered Syrian Refugees,1741843,2009-08-14
syria,Registered Syrian Refugees,1148491,2009-04-17
syria,Registered Syrian Refugees,2935133,2010-08-12
syria,Registered Syrian Refugees,1410865,2009-05-27
syria,Registered Syrian Refugees,78579,2008-06-06
syria,Registered Syrian Refugees,766249,2009-02-25
syria,Registered Syrian Refugees,525911,2009-01-08
syria,Registered Syrian Refugees,1268412,2009-05-06
syria,Registered Syrian Refugees,674516,2009-02-06
syria,Registered Syrian Refugees,2645970,2010-04-23
syria,Registered Syrian Refugees,2481506,2010-02-27
syria,Registered Syrian Refugees,365623,2008-11-16
syria,Registered Syrian Refugees,2989687,2010-09-13
syria,Registered Syrian Refugees,1274485,2009-05-07
syria,Registered Syrian Refugees,2512901,2010-03-09
syria,Registered Syrian Refugees,3005283,2010-09-23
syria,Registered Syrian Refugees,1245963,2009-04-29
syria,Registered Syrian Refugees,2252398,2009-12-02
syria,Registered Syrian Refugees,2191223,2009-11-17
syria,Registered Syrian Refugees,357545,2008-11-11
syria,Registered Syrian Refugees,2346697,2010-01-15
syria,Registered Syrian Refugees,1877020,2009-09-08
syria,Registered Syrian Refugees,1102843,2009-04-10
syria,Registered Syrian Refugees,2481606,2010-03-01
syria,Registered Syrian Refugees,18861,2008-01-30
syria,Registered Syrian Refugees,137106,2008-08-07
syria,Registered Syrian Refugees,1665743,2009-07-22
syria,Registered Syrian Refugees,2668061,2010-04-28
syria,Registered Syrian Refugees,2914878,2010-08-06
syria,Registered Syrian Refugees,894289,2009-03-11
syria,Registered Syrian Refugees,707998,2009-02-13
syria,Registered Syrian Refugees,1574346,2009-07-02
syria,Registered Syrian Refugees,2205562,2009-11-23
syria,Registered Syrian Refugees,104196,2008-07-05
syria,Registered Syrian Refugees,126380,2008-07-24
syria,Registered Syrian Refugees,2450810,2010-02-20
syria,Registered Syrian Refugees,273733,2008-10-10
syria,Registered Syrian Refugees,1834708,2009-08-30
syria,Registered Syrian Refugees,926725,2009-03-17
syria,Registered Syrian Refugees,2279654,2009-12-11
syria,Registered Syrian Refugees,691683,2009-02-10
syria,Registered Syrian Refugees,76778,2008-06-05
syria,Registered Syrian Refugees,480467,2008-12-22
syria,Registered Syrian Refugees,527958,2009-01-09
syria,Registered Syrian Refugees,98302,2008-06-29
syria,Registered Syrian Refugees,2903424,2010-07-30
syria,Registered Syrian Refugees,1373882,2009-05-23
syria,Registered Syrian Refugees,450328,2008-12-13
syria,Registered Syrian Refugees,158201,2008-08-14
syria,Registered Syrian Refugees,3003019,2010-09-22
syria,Registered Syrian Refugees,2303746,2010-01-01
syria,Registered Syrian Refugees,2272818,2009-12-09
syria,Registered Syrian Refugees,2775445,2010-06-08
syria,Registered Syrian Refugees,744264,2009-02-19
syria,Registered Syrian Refugees,563875,2009-01-19
syria,Registered Syrian Refugees,2510517,2010-03-08
syria,Registered Syrian Refugees,2109426,2009-10-24
syria,Registered Syrian Refugees,131307,2008-08-05
syria,Registered Syrian Refugees,2282276,2009-12-13
syria,Registered Syrian Refugees,389343,2008-11-23
syria,Registered Syrian Refugees,2659538,2010-04-25
syria,Registered Syrian Refugees,2440448,2010-02-15
syria,Registered Syrian Refugees,160616,2008-08-20
syria,Registered Syrian Refugees,1005544,2009-03-31
syria,Registered Syrian Refugees,495781,2008-12-29
syria,Registered Syrian Refugees,2005752,2009-09-29
syria,Registered Syrian Refugees,2103707,2009-10-23
syria,Registered Syrian Refugees,2712114,2010-05-11
syria,Registered Syrian Refugees,3001554,2010-09-20
syria,Registered Syrian Refugees,2606994,2010-04-07
syria,Registered Syrian Refugees,58754,2008-04-30
syria,Registered Syrian Refugees,2768009,2010-05-31
syria,Registered Syrian Refugees,328547,2008-11-10
syria,Registered Syrian Refugees,2229191,2009-11-26
syria,Registered Syrian Refugees,2159923,2009-11-04
syria,Registered Syrian Refugees,122541,2008-07-21
syria,Registered Syrian Refugees,2689288,2010-04-29
syria,Registered Syrian Refugees,3021778,2010-10-19
syria,Registered Syrian Refugees,2065004,2009-10-08
syria,Registered Syrian Refugees,1787366,2009-08-25
syria,Registered Syrian Refugees,2996208,2010-10-07
syria,Registered Syrian Refugees,930264,2009-03-18
syria,Registered Syrian Refugees,2516257,2010-03-10
syria,Registered Syrian Refugees,21767,2008-02-28
syria,Registered Syrian Refugees,364020,2008-11-13
syria,Registered Syrian Refugees,95991,2008-06-26
syria,Registered Syrian Refugees,2310299,2010-01-04
syria,Registered Syrian Refugees,396760,2008-11-25
syria,Registered Syrian Refugees,2837261,2010-06-27
syria,Registered Syrian Refugees,405890,2008-11-28
syria,Registered Syrian Refugees,509575,2009-01-04
syria,Registered Syrian Refugees,175893,2008-08-23
syria,Registered Syrian Refugees,2388054,2010-01-26
syria,Registered Syrian Refugees,1442971,2009-06-08
syria,Registered Syrian Refugees,97378,2008-06-28
syria,Registered Syrian Refugees,1205757,2009-04-22
syria,Registered Syrian Refugees,2653939,2010-04-24
syria,Registered Syrian Refugees,2493848,2010-03-04
syria,Registered Syrian Refugees,2884651,2010-07-19
syria,Registered Syrian Refugees,219925,2008-09-12
syria,Registered Syrian Refugees,655841,2009-02-04
syria,Registered Syrian Refugees,2208673,2009-11-24
syria,Registered Syrian Refugees,2444567,2010-02-08
syria,Registered Syrian Refugees,493423,2008-12-27
syria,Registered Syrian Refugees,2106920,2009-10-29
syria,Registered Syrian Refugees,2834961,2010-06-25
syria,Registered Syrian Refugees,2753074,2010-05-25
syria,Registered Syrian Refugees,1969213,2009-09-20
syria,Registered Syrian Refugees,786404,2009-03-05
syria,Registered Syrian Refugees,2483975,2010-03-02
syria,Registered Syrian Refugees,2394028,2010-01-28
syria,Registered Syrian Refugees,305317,2008-10-30
syria,Registered Syrian Refugees,2259342,2009-12-04
syria,Registered Syrian Refugees,2585182,2010-04-02
syria,Registered Syrian Refugees,1606134,2009-07-13
syria,Registered Syrian Refugees,200063,2008-09-01
syria,Registered Syrian Refugees,948780,2009-03-21
syria,Registered Syrian Refugees,2391309,2010-01-27
syria,Registered Syrian Refugees,2937135,2010-08-16
syria,Registered Syrian Refugees,1417527,2009-05-28
syria,Registered Syrian Refugees,2699229,2010-05-07
syria,Registered Syrian Refugees,2301533,2009-12-31
syria,Registered Syrian Refugees,1319620,2009-05-15
syria,Registered Syrian Refugees,26628,2008-03-30
syria,Total Persons of Concern,3911989,2011-03-10
syria,Total Persons of Concern,3321761,2010-12-07
syria,Total Persons of Concern,3204327,2010-10-27
syria,Total Persons of Concern,3831291,2011-03-07
syria,Total Persons of Concern,2898634,2010-06-30
syria,Total Persons of Concern,3034861,2010-09-24
syria,Total Persons of Concern,2943742,2010-08-09
syria,Total Persons of Concern,2909098,2010-07-08
syria,Total Persons of Concern,3033153,2010-09-21
syria,Total Persons of Concern,3338453,2010-12-29
syria,Total Persons of Concern,3000691,2010-09-01
syria,Total Persons of Concern,3249204,2010-12-01
syria,Total Persons of Concern,3835353,2011-03-09
syria,Total Persons of Concern,2992868,2010-08-26
syria,Total Persons of Concern,3831103,2011-03-04
syria,Total Persons of Concern,2842159,2010-06-08
syria,Total Persons of Concern,2858188,2010-06-11
syria,Total Persons of Concern,2883664,2010-06-22
syria,Total Persons of Concern,2908994,2010-07-07
syria,Total Persons of Concern,3209157,2010-11-12
syria,Total Persons of Concern,3829503,2011-03-03
syria,Total Persons of Concern,3023018,2010-09-10
syria,Total Persons of Concern,3214650,2010-11-16
syria,Total Persons of Concern,2966917,2010-08-16
syria,Total Persons of Concern,3834243,2011-03-07
syria,Total Persons of Concern,3830285,2011-03-04
syria,Total Persons of Concern,3332877,2010-12-22
syria,Total Persons of Concern,3332877,2010-12-20
syria,Total Persons of Concern,3323718,2010-12-09
syria,Total Persons of Concern,3247538,2010-11-24
syria,Total Persons of Concern,3028317,2010-09-15
syria,Total Persons of Concern,3335589,2010-12-22
syria,Total Persons of Concern,3218303,2010-09-28
syria,Total Persons of Concern,3170079,2010-10-13
syria,Total Persons of Concern,3801687,2011-01-19
syria,Total Persons of Concern,3014714,2010-09-09
syria,Total Persons of Concern,3217201,2010-11-17
syria,Total Persons of Concern,2915555,2010-07-15
syria,Total Persons of Concern,3014675,2010-09-08
syria,Total Persons of Concern,2911272,2010-07-08
syria,Total Persons of Concern,2839278,2010-06-04
syria,Total Persons of Concern,3205168,2010-11-10
syria,Total Persons of Concern,3205195,2010-10-26
syria,Total Persons of Concern,2943658,2010-08-06
syria,Total Persons of Concern,2930687,2010-07-23
syria,Total Persons of Concern,2836619,2010-06-03
syria,Total Persons of Concern,2927775,2010-07-20
syria,Total Persons of Concern,3826752,2011-02-25
syria,Total Persons of Concern,3000721,2010-08-31
syria,Total Persons of Concern,3323031,2010-12-09
syria,Total Persons of Concern,3034707,2010-09-23
syria,Total Persons of Concern,3023142,2010-09-13
syria,Total Persons of Concern,3199949,2010-10-01
syria,Total Persons of Concern,2963805,2010-08-12
syria,Total Persons of Concern,2933898,2010-07-29
syria,Total Persons of Concern,2915584,2010-07-16
syria,Total Persons of Concern,2935208,2010-08-03
syria,Total Persons of Concern,3338589,2010-12-28
syria,Total Persons of Concern,3250417,2010-12-03
syria,Total Persons of Concern,3178630,2010-10-08
syria,Total Persons of Concern,3208973,2010-10-21
syria,Total Persons of Concern,2966798,2010-08-13
syria,Total Persons of Concern,3211992,2010-11-12
syria,Total Persons of Concern,3205230,2010-11-08
syria,Total Persons of Concern,3342838,2011-01-04
syria,Total Persons of Concern,2855526,2010-06-10
syria,Total Persons of Concern,3202962,2010-11-01
syria,Total Persons of Concern,2923034,2010-07-19
syria,Total Persons of Concern,3252243,2010-12-06
syria,Total Persons of Concern,3218331,2010-09-29
syria,Total Persons of Concern,2837296,2010-06-04
syria,Total Persons of Concern,2887585,2010-06-25
syria,Total Persons of Concern,3341249,2010-12-30
syria,Total Persons of Concern,3822161,2011-02-18
syria,Total Persons of Concern,3801815,2011-01-20
syria,Total Persons of Concern,3003099,2010-09-06
syria,Total Persons of Concern,3205921,2010-10-19
syria,Total Persons of Concern,2902467,2010-07-02
syria,Total Persons of Concern,3204407,2010-11-02
syria,Total Persons of Concern,2836641,2010-06-02
syria,Total Persons of Concern,3213349,2010-11-16
syria,Total Persons of Concern,2933427,2010-07-26
syria,Total Persons of Concern,2841524,2010-06-07
syria,Total Persons of Concern,3205112,2010-11-04
syria,Total Persons of Concern,3827213,2011-02-28
syria,Total Persons of Concern,3824483,2011-02-23
syria,Total Persons of Concern,3002302,2010-09-03
syria,Total Persons of Concern,3034913,2010-09-27
syria,Total Persons of Concern,3203120,2010-10-29
syria,Total Persons of Concern,2884966,2010-06-23
syria,Total Persons of Concern,3177389,2010-10-01
syria,Total Persons of Concern,3249401,2010-11-19
syria,Total Persons of Concern,3249644,2010-11-22
syria,Total Persons of Concern,2874701,2010-06-18
syria,Total Persons of Concern,3800109,2011-01-17
syria,Total Persons of Concern,2874117,2010-06-17
syria,Total Persons of Concern,2973397,2010-08-19
syria,Total Persons of Concern,3799991,2011-01-14
syria,Total Persons of Concern,3800028,2011-01-13
syria,Total Persons of Concern,2916169,2010-07-14
syria,Total Persons of Concern,2870496,2010-06-15
syria,Total Persons of Concern,3341722,2011-01-03
syria,Total Persons of Concern,3247362,2010-11-30
syria,Total Persons of Concern,3807131,2011-02-11
syria,Total Persons of Concern,3323859,2010-12-15
syria,Total Persons of Concern,3205113,2010-11-05
syria,Total Persons of Concern,3828035,2011-03-01
syria,Total Persons of Concern,3336029,2010-12-23
syria,Total Persons of Concern,3336029,2010-12-27
syria,Total Persons of Concern,3342528,2011-01-11
syria,Total Persons of Concern,2902065,2010-07-01
syria,Total Persons of Concern,3209138,2010-11-11
syria,Total Persons of Concern,3023020,2010-09-14
syria,Total Persons of Concern,3000677,2010-08-30
syria,Total Persons of Concern,2999091,2010-08-27
syria,Total Persons of Concern,3205256,2010-11-09
syria,Total Persons of Concern,3247539,2010-11-25
syria,Total Persons of Concern,3342848,2011-01-05
syria,Total Persons of Concern,3178560,2010-10-07
syria,Total Persons of Concern,3206481,2010-10-13
syria,Total Persons of Concern,2912783,2010-07-09
syria,Total Persons of Concern,2855089,2010-06-10
syria,Total Persons of Concern,2871662,2010-06-16
syria,Total Persons of Concern,3825383,2011-02-24
syria,Total Persons of Concern,3178404,2010-10-01
syria,Total Persons of Concern,3205044,2010-11-02
syria,Total Persons of Concern,2921377,2010-07-20
syria,Total Persons of Concern,2881747,2010-06-21
syria,Total Persons of Concern,2978070,2010-08-23
syria,Total Persons of Concern,2938546,2010-08-04
syria,Total Persons of Concern,2853975,2010-06-09
syria,Total Persons of Concern,3010835,2010-09-07
syria,Total Persons of Concern,2834827,2010-06-01
syria,Total Persons of Concern,2934890,2010-07-30
syria,Total Persons of Concern,3249234,2010-11-19
syria,Total Persons of Concern,2995320,2010-08-25
syria,Total Persons of Concern,3000558,2010-08-28
syria,Total Persons of Concern,2874691,2010-06-18
syria,Total Persons of Concern,2893177,2010-06-27
syria,Total Persons of Concern,3033149,2010-09-22
syria,Total Persons of Concern,3823577,2011-02-22
syria,Total Persons of Concern,3327218,2010-12-20
syria,Total Persons of Concern,3822635,2011-02-21
syria,Total Persons of Concern,2912790,2010-07-09
syria,Total Persons of Concern,2940168,2010-08-05
syria,Total Persons of Concern,2963434,2010-08-12
syria,Total Persons of Concern,2903790,2010-07-06
syria,Total Persons of Concern,2966940,2010-08-17
syria,Total Persons of Concern,3207366,2010-10-20
syria,Total Persons of Concern,2929646,2010-07-22
syria,Total Persons of Concern,2978019,2010-08-20
syria,Total Persons of Concern,2940655,2010-08-06
syria,Total Persons of Concern,2891094,2010-06-25
syria,Total Persons of Concern,2971521,2010-08-18
syria,Total Persons of Concern,2953774,2010-08-11
syria,Total Persons of Concern,2935165,2010-08-02
syria,Total Persons of Concern,3204353,2010-10-27
syria,Total Persons of Concern,3205078,2010-10-21
syria,Total Persons of Concern,2858259,2010-06-11
syria,Total Persons of Concern,2933559,2010-07-30
syria,Total Persons of Concern,3169998,2010-10-08
syria,Total Persons of Concern,3322487,2010-12-09
syria,Total Persons of Concern,3031335,2010-09-17
syria,Total Persons of Concern,2922757,2010-07-16
syria,Total Persons of Concern,2891079,2010-06-25
syria,Total Persons of Concern,3032494,2010-09-20
syria,Total Persons of Concern,3800101,2011-01-12
syria,Total Persons of Concern,3800084,2011-01-18
syria,Total Persons of Concern,3032475,2010-09-17
syria,Total Persons of Concern,2913158,2010-07-13
syria,Total Persons of Concern,3034259,2010-09-23
syria,Total Persons of Concern,3342550,2011-01-06
syria,Total Persons of Concern,3199950,2010-09-30
syria,Total Persons of Concern,3002280,2010-09-02
syria,Total Persons of Concern,2951423,2010-08-10
syria,Total Persons of Concern,3170080,2010-10-12
syria,Total Persons of Concern,2933109,2010-07-23
syria,Total Persons of Concern,3201785,2010-10-15
syria,Total Persons of Concern,2978092,2010-08-24